Word1,Word2,Alpha,Nonalpha
kiwis,axolotls,kiwis and axolotls,axolotls and kiwis
kiwis,platypuses,kiwis and platypuses,platypuses and kiwis
kiwis,wolverines,kiwis and wolverines,wolverines and kiwis
kiwis,capybaras,kiwis and capybaras,capybaras and kiwis
kiwis,narwhals,kiwis and narwhals,narwhals and kiwis
kiwis,ocelots,kiwis and ocelots,ocelots and kiwis
kiwis,ibex,kiwis and ibex,ibex and kiwis
kiwis,harpies,kiwis and harpies,harpies and kiwis
kiwis,keas,kiwis and keas,keas and kiwis
kiwis,bonobos,kiwis and bonobos,bonobos and kiwis
kiwis,koalas,kiwis and koalas,koalas and kiwis
kiwis,sloths,kiwis and sloths,sloths and kiwis
kiwis,wombats,kiwis and wombats,wombats and kiwis
kiwis,lions,kiwis and lions,lions and kiwis
kiwis,aardvarks,kiwis and aardvarks,aardvarks and kiwis
kiwis,wolves,kiwis and wolves,wolves and kiwis
axolotls,platypuses,axolotls and platypuses,platypuses and axolotls
axolotls,wolverines,axolotls and wolverines,wolverines and axolotls
axolotls,capybaras,axolotls and capybaras,capybaras and axolotls
axolotls,narwhals,axolotls and narwhals,narwhals and axolotls
axolotls,ocelots,axolotls and ocelots,ocelots and axolotls
axolotls,ibex,axolotls and ibex,ibex and axolotls
axolotls,harpies,axolotls and harpies,harpies and axolotls
axolotls,keas,axolotls and keas,keas and axolotls
axolotls,bonobos,axolotls and bonobos,bonobos and axolotls
axolotls,koalas,axolotls and koalas,koalas and axolotls
axolotls,sloths,axolotls and sloths,sloths and axolotls
axolotls,wombats,axolotls and wombats,wombats and axolotls
axolotls,lions,axolotls and lions,lions and axolotls
axolotls,aardvarks,axolotls and aardvarks,aardvarks and axolotls
axolotls,wolves,axolotls and wolves,wolves and axolotls
platypuses,wolverines,platypuses and wolverines,wolverines and platypuses
platypuses,capybaras,platypuses and capybaras,capybaras and platypuses
platypuses,narwhals,platypuses and narwhals,narwhals and platypuses
platypuses,ocelots,platypuses and ocelots,ocelots and platypuses
platypuses,ibex,platypuses and ibex,ibex and platypuses
platypuses,harpies,platypuses and harpies,harpies and platypuses
platypuses,keas,platypuses and keas,keas and platypuses
platypuses,bonobos,platypuses and bonobos,bonobos and platypuses
platypuses,koalas,platypuses and koalas,koalas and platypuses
platypuses,sloths,platypuses and sloths,sloths and platypuses
platypuses,wombats,platypuses and wombats,wombats and platypuses
platypuses,lions,platypuses and lions,lions and platypuses
platypuses,aardvarks,platypuses and aardvarks,aardvarks and platypuses
platypuses,wolves,platypuses and wolves,wolves and platypuses
wolverines,capybaras,wolverines and capybaras,capybaras and wolverines
wolverines,narwhals,wolverines and narwhals,narwhals and wolverines
wolverines,ocelots,wolverines and ocelots,ocelots and wolverines
wolverines,ibex,wolverines and ibex,ibex and wolverines
wolverines,harpies,wolverines and harpies,harpies and wolverines
wolverines,keas,wolverines and keas,keas and wolverines
wolverines,bonobos,wolverines and bonobos,bonobos and wolverines
wolverines,koalas,wolverines and koalas,koalas and wolverines
wolverines,sloths,wolverines and sloths,sloths and wolverines
wolverines,wombats,wolverines and wombats,wombats and wolverines
wolverines,lions,wolverines and lions,lions and wolverines
wolverines,aardvarks,wolverines and aardvarks,aardvarks and wolverines
wolverines,wolves,wolverines and wolves,wolves and wolverines
capybaras,narwhals,capybaras and narwhals,narwhals and capybaras
capybaras,ocelots,capybaras and ocelots,ocelots and capybaras
capybaras,ibex,capybaras and ibex,ibex and capybaras
capybaras,harpies,capybaras and harpies,harpies and capybaras
capybaras,keas,capybaras and keas,keas and capybaras
capybaras,bonobos,capybaras and bonobos,bonobos and capybaras
capybaras,koalas,capybaras and koalas,koalas and capybaras
capybaras,sloths,capybaras and sloths,sloths and capybaras
capybaras,wombats,capybaras and wombats,wombats and capybaras
capybaras,lions,capybaras and lions,lions and capybaras
capybaras,aardvarks,capybaras and aardvarks,aardvarks and capybaras
capybaras,wolves,capybaras and wolves,wolves and capybaras
narwhals,ocelots,narwhals and ocelots,ocelots and narwhals
narwhals,ibex,narwhals and ibex,ibex and narwhals
narwhals,harpies,narwhals and harpies,harpies and narwhals
narwhals,keas,narwhals and keas,keas and narwhals
narwhals,bonobos,narwhals and bonobos,bonobos and narwhals
narwhals,koalas,narwhals and koalas,koalas and narwhals
narwhals,sloths,narwhals and sloths,sloths and narwhals
narwhals,wombats,narwhals and wombats,wombats and narwhals
narwhals,lions,narwhals and lions,lions and narwhals
narwhals,aardvarks,narwhals and aardvarks,aardvarks and narwhals
narwhals,wolves,narwhals and wolves,wolves and narwhals
ocelots,ibex,ocelots and ibex,ibex and ocelots
ocelots,harpies,ocelots and harpies,harpies and ocelots
ocelots,keas,ocelots and keas,keas and ocelots
ocelots,bonobos,ocelots and bonobos,bonobos and ocelots
ocelots,koalas,ocelots and koalas,koalas and ocelots
ocelots,sloths,ocelots and sloths,sloths and ocelots
ocelots,wombats,ocelots and wombats,wombats and ocelots
ocelots,lions,ocelots and lions,lions and ocelots
ocelots,aardvarks,ocelots and aardvarks,aardvarks and ocelots
ocelots,wolves,ocelots and wolves,wolves and ocelots
ibex,harpies,ibex and harpies,harpies and ibex
ibex,keas,ibex and keas,keas and ibex
ibex,bonobos,ibex and bonobos,bonobos and ibex
ibex,koalas,ibex and koalas,koalas and ibex
ibex,sloths,ibex and sloths,sloths and ibex
ibex,wombats,ibex and wombats,wombats and ibex
ibex,lions,ibex and lions,lions and ibex
ibex,aardvarks,ibex and aardvarks,aardvarks and ibex
ibex,wolves,ibex and wolves,wolves and ibex
harpies,keas,harpies and keas,keas and harpies
harpies,bonobos,harpies and bonobos,bonobos and harpies
harpies,koalas,harpies and koalas,koalas and harpies
harpies,sloths,harpies and sloths,sloths and harpies
harpies,wombats,harpies and wombats,wombats and harpies
harpies,lions,harpies and lions,lions and harpies
harpies,aardvarks,harpies and aardvarks,aardvarks and harpies
harpies,wolves,harpies and wolves,wolves and harpies
keas,bonobos,keas and bonobos,bonobos and keas
keas,koalas,keas and koalas,koalas and keas
keas,sloths,keas and sloths,sloths and keas
keas,wombats,keas and wombats,wombats and keas
keas,lions,keas and lions,lions and keas
keas,aardvarks,keas and aardvarks,aardvarks and keas
keas,wolves,keas and wolves,wolves and keas
bonobos,koalas,bonobos and koalas,koalas and bonobos
bonobos,sloths,bonobos and sloths,sloths and bonobos
bonobos,wombats,bonobos and wombats,wombats and bonobos
bonobos,lions,bonobos and lions,lions and bonobos
bonobos,aardvarks,bonobos and aardvarks,aardvarks and bonobos
bonobos,wolves,bonobos and wolves,wolves and bonobos
koalas,sloths,koalas and sloths,sloths and koalas
koalas,wombats,koalas and wombats,wombats and koalas
koalas,lions,koalas and lions,lions and koalas
koalas,aardvarks,koalas and aardvarks,aardvarks and koalas
koalas,wolves,koalas and wolves,wolves and koalas
sloths,wombats,sloths and wombats,wombats and sloths
sloths,lions,sloths and lions,lions and sloths
sloths,aardvarks,sloths and aardvarks,aardvarks and sloths
sloths,wolves,sloths and wolves,wolves and sloths
wombats,lions,wombats and lions,lions and wombats
wombats,aardvarks,wombats and aardvarks,aardvarks and wombats
wombats,wolves,wombats and wolves,wolves and wombats
lions,aardvarks,lions and aardvarks,aardvarks and lions
lions,wolves,lions and wolves,wolves and lions
aardvarks,wolves,aardvarks and wolves,wolves and aardvarks
ocarinas,didgeridoos,ocarinas and didgeridoos,didgeridoos and ocarinas
ocarinas,marimbas,ocarinas and marimbas,marimbas and ocarinas
ocarinas,kalimbas,ocarinas and kalimbas,kalimbas and ocarinas
ocarinas,lutes,ocarinas and lutes,lutes and ocarinas
ocarinas,mandolins,ocarinas and mandolins,mandolins and ocarinas
ocarinas,vibraphones,ocarinas and vibraphones,vibraphones and ocarinas
ocarinas,glockenspiels,ocarinas and glockenspiels,glockenspiels and ocarinas
ocarinas,cymbals,ocarinas and cymbals,cymbals and ocarinas
ocarinas,clarinets,ocarinas and clarinets,clarinets and ocarinas
ocarinas,trumpets,ocarinas and trumpets,trumpets and ocarinas
ocarinas,pianos,ocarinas and pianos,pianos and ocarinas
ocarinas,guitars,ocarinas and guitars,guitars and ocarinas
ocarinas,accordions,ocarinas and accordions,accordions and ocarinas
ocarinas,flutes,ocarinas and flutes,flutes and ocarinas
ocarinas,cellos,ocarinas and cellos,cellos and ocarinas
ocarinas,saxophones,ocarinas and saxophones,saxophones and ocarinas
didgeridoos,marimbas,didgeridoos and marimbas,marimbas and didgeridoos
didgeridoos,kalimbas,didgeridoos and kalimbas,kalimbas and didgeridoos
didgeridoos,lutes,didgeridoos and lutes,lutes and didgeridoos
didgeridoos,mandolins,didgeridoos and mandolins,mandolins and didgeridoos
didgeridoos,vibraphones,didgeridoos and vibraphones,vibraphones and didgeridoos
didgeridoos,glockenspiels,didgeridoos and glockenspiels,glockenspiels and didgeridoos
didgeridoos,cymbals,didgeridoos and cymbals,cymbals and didgeridoos
didgeridoos,clarinets,didgeridoos and clarinets,clarinets and didgeridoos
didgeridoos,trumpets,didgeridoos and trumpets,trumpets and didgeridoos
didgeridoos,pianos,didgeridoos and pianos,pianos and didgeridoos
didgeridoos,guitars,didgeridoos and guitars,guitars and didgeridoos
didgeridoos,accordions,didgeridoos and accordions,accordions and didgeridoos
didgeridoos,flutes,didgeridoos and flutes,flutes and didgeridoos
didgeridoos,cellos,didgeridoos and cellos,cellos and didgeridoos
didgeridoos,saxophones,didgeridoos and saxophones,saxophones and didgeridoos
marimbas,kalimbas,marimbas and kalimbas,kalimbas and marimbas
marimbas,lutes,marimbas and lutes,lutes and marimbas
marimbas,mandolins,marimbas and mandolins,mandolins and marimbas
marimbas,vibraphones,marimbas and vibraphones,vibraphones and marimbas
marimbas,glockenspiels,marimbas and glockenspiels,glockenspiels and marimbas
marimbas,cymbals,marimbas and cymbals,cymbals and marimbas
marimbas,clarinets,marimbas and clarinets,clarinets and marimbas
marimbas,trumpets,marimbas and trumpets,trumpets and marimbas
marimbas,pianos,marimbas and pianos,pianos and marimbas
marimbas,guitars,marimbas and guitars,guitars and marimbas
marimbas,accordions,marimbas and accordions,accordions and marimbas
marimbas,flutes,marimbas and flutes,flutes and marimbas
marimbas,cellos,marimbas and cellos,cellos and marimbas
marimbas,saxophones,marimbas and saxophones,saxophones and marimbas
kalimbas,lutes,kalimbas and lutes,lutes and kalimbas
kalimbas,mandolins,kalimbas and mandolins,mandolins and kalimbas
kalimbas,vibraphones,kalimbas and vibraphones,vibraphones and kalimbas
kalimbas,glockenspiels,kalimbas and glockenspiels,glockenspiels and kalimbas
kalimbas,cymbals,kalimbas and cymbals,cymbals and kalimbas
kalimbas,clarinets,kalimbas and clarinets,clarinets and kalimbas
kalimbas,trumpets,kalimbas and trumpets,trumpets and kalimbas
kalimbas,pianos,kalimbas and pianos,pianos and kalimbas
kalimbas,guitars,kalimbas and guitars,guitars and kalimbas
kalimbas,accordions,kalimbas and accordions,accordions and kalimbas
kalimbas,flutes,kalimbas and flutes,flutes and kalimbas
kalimbas,cellos,kalimbas and cellos,cellos and kalimbas
kalimbas,saxophones,kalimbas and saxophones,saxophones and kalimbas
lutes,mandolins,lutes and mandolins,mandolins and lutes
lutes,vibraphones,lutes and vibraphones,vibraphones and lutes
lutes,glockenspiels,lutes and glockenspiels,glockenspiels and lutes
lutes,cymbals,lutes and cymbals,cymbals and lutes
lutes,clarinets,lutes and clarinets,clarinets and lutes
lutes,trumpets,lutes and trumpets,trumpets and lutes
lutes,pianos,lutes and pianos,pianos and lutes
lutes,guitars,lutes and guitars,guitars and lutes
lutes,accordions,lutes and accordions,accordions and lutes
lutes,flutes,lutes and flutes,flutes and lutes
lutes,cellos,lutes and cellos,cellos and lutes
lutes,saxophones,lutes and saxophones,saxophones and lutes
mandolins,vibraphones,mandolins and vibraphones,vibraphones and mandolins
mandolins,glockenspiels,mandolins and glockenspiels,glockenspiels and mandolins
mandolins,cymbals,mandolins and cymbals,cymbals and mandolins
mandolins,clarinets,mandolins and clarinets,clarinets and mandolins
mandolins,trumpets,mandolins and trumpets,trumpets and mandolins
mandolins,pianos,mandolins and pianos,pianos and mandolins
mandolins,guitars,mandolins and guitars,guitars and mandolins
mandolins,accordions,mandolins and accordions,accordions and mandolins
mandolins,flutes,mandolins and flutes,flutes and mandolins
mandolins,cellos,mandolins and cellos,cellos and mandolins
mandolins,saxophones,mandolins and saxophones,saxophones and mandolins
vibraphones,glockenspiels,vibraphones and glockenspiels,glockenspiels and vibraphones
vibraphones,cymbals,vibraphones and cymbals,cymbals and vibraphones
vibraphones,clarinets,vibraphones and clarinets,clarinets and vibraphones
vibraphones,trumpets,vibraphones and trumpets,trumpets and vibraphones
vibraphones,pianos,vibraphones and pianos,pianos and vibraphones
vibraphones,guitars,vibraphones and guitars,guitars and vibraphones
vibraphones,accordions,vibraphones and accordions,accordions and vibraphones
vibraphones,flutes,vibraphones and flutes,flutes and vibraphones
vibraphones,cellos,vibraphones and cellos,cellos and vibraphones
vibraphones,saxophones,vibraphones and saxophones,saxophones and vibraphones
glockenspiels,cymbals,glockenspiels and cymbals,cymbals and glockenspiels
glockenspiels,clarinets,glockenspiels and clarinets,clarinets and glockenspiels
glockenspiels,trumpets,glockenspiels and trumpets,trumpets and glockenspiels
glockenspiels,pianos,glockenspiels and pianos,pianos and glockenspiels
glockenspiels,guitars,glockenspiels and guitars,guitars and glockenspiels
glockenspiels,accordions,glockenspiels and accordions,accordions and glockenspiels
glockenspiels,flutes,glockenspiels and flutes,flutes and glockenspiels
glockenspiels,cellos,glockenspiels and cellos,cellos and glockenspiels
glockenspiels,saxophones,glockenspiels and saxophones,saxophones and glockenspiels
cymbals,clarinets,cymbals and clarinets,clarinets and cymbals
cymbals,trumpets,cymbals and trumpets,trumpets and cymbals
cymbals,pianos,cymbals and pianos,pianos and cymbals
cymbals,guitars,cymbals and guitars,guitars and cymbals
cymbals,accordions,cymbals and accordions,accordions and cymbals
cymbals,flutes,cymbals and flutes,flutes and cymbals
cymbals,cellos,cymbals and cellos,cellos and cymbals
cymbals,saxophones,cymbals and saxophones,saxophones and cymbals
clarinets,trumpets,clarinets and trumpets,trumpets and clarinets
clarinets,pianos,clarinets and pianos,pianos and clarinets
clarinets,guitars,clarinets and guitars,guitars and clarinets
clarinets,accordions,clarinets and accordions,accordions and clarinets
clarinets,flutes,clarinets and flutes,flutes and clarinets
clarinets,cellos,clarinets and cellos,cellos and clarinets
clarinets,saxophones,clarinets and saxophones,saxophones and clarinets
trumpets,pianos,trumpets and pianos,pianos and trumpets
trumpets,guitars,trumpets and guitars,guitars and trumpets
trumpets,accordions,trumpets and accordions,accordions and trumpets
trumpets,flutes,trumpets and flutes,flutes and trumpets
trumpets,cellos,trumpets and cellos,cellos and trumpets
trumpets,saxophones,trumpets and saxophones,saxophones and trumpets
pianos,guitars,pianos and guitars,guitars and pianos
pianos,accordions,pianos and accordions,accordions and pianos
pianos,flutes,pianos and flutes,flutes and pianos
pianos,cellos,pianos and cellos,cellos and pianos
pianos,saxophones,pianos and saxophones,saxophones and pianos
guitars,accordions,guitars and accordions,accordions and guitars
guitars,flutes,guitars and flutes,flutes and guitars
guitars,cellos,guitars and cellos,cellos and guitars
guitars,saxophones,guitars and saxophones,saxophones and guitars
accordions,flutes,accordions and flutes,flutes and accordions
accordions,cellos,accordions and cellos,cellos and accordions
accordions,saxophones,accordions and saxophones,saxophones and accordions
flutes,cellos,flutes and cellos,cellos and flutes
flutes,saxophones,flutes and saxophones,saxophones and flutes
cellos,saxophones,cellos and saxophones,saxophones and cellos